﻿designator,quantity,value,pack,mpn,mount_type
"A-F1, A-F2, A-F3, A-F4, A-F5, A-VDDA1, A-VSSA1, B-F1, B-F2, B-F3, B-F4, B-F5, B-VDDA1, B-VSSA1, TP1, TP10, TP11, TP2, TP3, TP4, TP5, TP6, TP7, TP8, TP9",25,TestPoint_Small,TestPoint_THTPad_D2.0mm_Drill1.0mm,,tht
"C10, C11, C12, C15, C23, C24, C25, C26, C27, C28, C29, C30, C31, C32, C33, C34, C35, C36, C37, C38, C39, C40, C41, C42, C43, C44, C45, C46, C47, C48, C49, C50, C51, C52, C53, C54, C55, C56, C57, C9",40,100nF,C_0402_1005Metric,,smt
C13,1,4.7uF,C_0603_1608Metric,,smt
"C14, C21, C70, C71, C72",5,0.1uF,C_0402_1005Metric,,smt
"C16, C60, C61, C62, C63, C64, C65, C66, C67, C68, C69",11,10nF,C_0402_1005Metric,,smt
"C17, C18, C22, C58, C59",5,1uF,C_0402_1005Metric,,smt
C19,1,10uF,CP_EIA-3216-18_Kemet-A,,smt
C20,1,120uF,CP_EIA-3528-21_Kemet-B,,smt
"D1, D10, D11, D12, D13, D14, D15, D17, D18, D19, D2, D20, D21, D22, D23, D24, D25, D26, D3, D4, D5, D6, D7, D8, D9",25,1N4148WS,D_SOD-323,,smt
"D27, D28, D29, D30, D31, D32, D33, D34, D35, D36, D37, D38, D39, D40, D41, D42, D43, D44, D45, D46, D47, D48, D49, D50, D51, D52, D53, D54, D55, D56",30,SK6805-EC15,LED_SK6805_EC15_1.5x1.5mm,,smt
J1,1,USB_C_Receptacle_USB2.0,USB_C_Receptacle_GCT_USB4105-xx-A_16P_TopMnt_Horizontal,,smt
"LD1, LD2",2,LED_Small,LED_1206_3216Metric,,smt
"PA3, PB0, PB1, PB10, PB2, PC10, PC11, PC12, PC13, PC14, PC15, PC5, PD2, PF0, PF1, TP12, TP13, TP14, TP15, TP16, TP17, TP18, TP19, TP20, TP21, TP29, TPNZ1, TPNZ2",28,TestPoint_Small,TestPoint_Pad_D1.0mm,,tht
"R1, R2",2,5.1k,R_0603_1608Metric,,smt
R3,1,1M,R_0603_1608Metric,,smt
"R4, R5",2,10k,R_0603_1608Metric,,smt
R6,1,1.2k,R_0603_1608Metric,,smt
R7,1,300,R_0603_1608Metric,,smt
"R8, R9",2,510,R_0603_1608Metric,,smt
"RV1, RV2, RV3, RV4, RV5",5,R_Potentiometer,B103-75mm-Mixer-Fader-B10K,,tht
"SW1, SW11, SW16, SW21, SW6",5,Encoder_Switch,RotaryEncoder_Alps_EC12E-Switch_Vertical_H20mm_CircularMountingHoles,,tht
"SW10, SW12, SW13, SW14, SW15, SW17, SW18, SW19, SW2, SW20, SW22, SW23, SW24, SW25, SW3, SW4, SW5, SW7, SW8, SW9",20,SW_Push,SW_OUTEMU_1.00u_PCB_LED,,tht
U1,1,USBLC6-2SC6,SOT-23-6,,smt
U2,1,STM32G473RCTx,LQFP-64_10x10mm_P0.5mm,,smt
U3,1,AP2161WG-7,SOT-23-5,,smt
U4,1,MIC5504-3.3YM5,SOT-23-5,,smt
U5,1,TXS0102DCU,VSSOP-8_2.3x2mm_P0.5mm,,smt
