﻿pos_x,pos_y,rotation,side,designator,mpn,pack,value,mount_type,place
63.73,-112.001,180.0,bottom,A-F1,,TestPoint_THTPad_D2.0mm_Drill1.0mm,TestPoint_Small,tht,True
66.27,-112.001,180.0,bottom,A-F2,,TestPoint_THTPad_D2.0mm_Drill1.0mm,TestPoint_Small,tht,True
82.46,-112.001,180.0,bottom,A-F3,,TestPoint_THTPad_D2.0mm_Drill1.0mm,TestPoint_Small,tht,True
85.0,-112.001,180.0,bottom,A-F4,,TestPoint_THTPad_D2.0mm_Drill1.0mm,TestPoint_Small,tht,True
87.54,-112.001,180.0,bottom,A-F5,,TestPoint_THTPad_D2.0mm_Drill1.0mm,TestPoint_Small,tht,True
46.215538,-112.12,180.0,bottom,A-VDDA1,,TestPoint_THTPad_D2.0mm_Drill1.0mm,TestPoint_Small,tht,False
43.675538,-112.12,180.0,bottom,A-VSSA1,,TestPoint_THTPad_D2.0mm_Drill1.0mm,TestPoint_Small,tht,False
63.73,-122.5,180.0,bottom,B-F1,,TestPoint_THTPad_D2.0mm_Drill1.0mm,TestPoint_Small,tht,True
66.27,-122.5,180.0,bottom,B-F2,,TestPoint_THTPad_D2.0mm_Drill1.0mm,TestPoint_Small,tht,True
82.46,-122.5,180.0,bottom,B-F3,,TestPoint_THTPad_D2.0mm_Drill1.0mm,TestPoint_Small,tht,True
85.0,-122.5,180.0,bottom,B-F4,,TestPoint_THTPad_D2.0mm_Drill1.0mm,TestPoint_Small,tht,True
87.54,-122.5,180.0,bottom,B-F5,,TestPoint_THTPad_D2.0mm_Drill1.0mm,TestPoint_Small,tht,True
46.228,-122.428,180.0,bottom,B-VDDA1,,TestPoint_THTPad_D2.0mm_Drill1.0mm,TestPoint_Small,tht,True
43.688,-122.428,180.0,bottom,B-VSSA1,,TestPoint_THTPad_D2.0mm_Drill1.0mm,TestPoint_Small,tht,True
76.181415,-16.277736,0.0,top,C10,,C_0402_1005Metric,100nF,smt,True
61.02,-27.0,180.0,top,C11,,C_0402_1005Metric,100nF,smt,True
80.0,-27.910589,0.0,top,C12,,C_0402_1005Metric,100nF,smt,True
50.25,-32.25,90.0,top,C13,,C_0603_1608Metric,4.7uF,smt,True
46.914,-18.639,0.0,top,C14,,C_0402_1005Metric,0.1uF,smt,True
76.177131,-18.846239,0.0,top,C15,,C_0402_1005Metric,100nF,smt,True
74.0,-16.98,90.0,top,C16,,C_0402_1005Metric,10nF,smt,True
76.166148,-17.605175,0.0,top,C17,,C_0402_1005Metric,1uF,smt,True
72.5,-16.98,90.0,top,C18,,C_0402_1005Metric,1uF,smt,True
49.25,-21.5,-90.0,top,C19,,CP_EIA-3216-18_Kemet-A,10uF,smt,True
45.5,-25.75,0.0,top,C20,,CP_EIA-3528-21_Kemet-B,120uF,smt,True
43.57,-18.65,180.0,top,C21,,C_0402_1005Metric,0.1uF,smt,True
51.2,-14.455,-90.0,top,C22,,C_0402_1005Metric,1uF,smt,True
85.52,-24.001,0.0,top,C23,,C_0402_1005Metric,100nF,smt,True
85.52,-22.499,0.0,top,C24,,C_0402_1005Metric,100nF,smt,True
85.519,-21.0,0.0,top,C25,,C_0402_1005Metric,100nF,smt,True
85.52,-19.501,0.0,top,C26,,C_0402_1005Metric,100nF,smt,True
85.52,-18.001,0.0,top,C27,,C_0402_1005Metric,100nF,smt,True
28.75,-61.23,90.0,top,C28,,C_0402_1005Metric,100nF,smt,True
48.75,-61.23,90.0,top,C29,,C_0402_1005Metric,100nF,smt,True
68.75,-61.23,90.0,top,C30,,C_0402_1005Metric,100nF,smt,True
88.75,-61.23,90.0,top,C31,,C_0402_1005Metric,100nF,smt,True
108.75,-61.23,90.0,top,C32,,C_0402_1005Metric,100nF,smt,True
124.0,-79.77,-90.0,top,C33,,C_0402_1005Metric,100nF,smt,True
104.0,-79.77,-90.0,top,C34,,C_0402_1005Metric,100nF,smt,True
84.0,-79.77,-90.0,top,C35,,C_0402_1005Metric,100nF,smt,True
64.0,-79.77,-90.0,top,C36,,C_0402_1005Metric,100nF,smt,True
44.0,-79.77,-90.0,top,C37,,C_0402_1005Metric,100nF,smt,True
26.0,-107.48,90.0,top,C38,,C_0402_1005Metric,100nF,smt,True
46.0,-107.48,90.0,top,C39,,C_0402_1005Metric,100nF,smt,True
66.0,-107.48,90.0,top,C40,,C_0402_1005Metric,100nF,smt,True
86.0,-107.48,90.0,top,C41,,C_0402_1005Metric,100nF,smt,True
106.0,-107.48,90.0,top,C42,,C_0402_1005Metric,100nF,smt,True
120.0,-199.48,90.0,top,C43,,C_0402_1005Metric,100nF,smt,True
100.0,-199.48,90.0,top,C44,,C_0402_1005Metric,100nF,smt,True
80.0,-199.48,90.0,top,C45,,C_0402_1005Metric,100nF,smt,True
60.0,-199.48,90.0,top,C46,,C_0402_1005Metric,100nF,smt,True
40.0,-199.48,90.0,top,C47,,C_0402_1005Metric,100nF,smt,True
26.0,-221.48,90.0,top,C48,,C_0402_1005Metric,100nF,smt,True
46.0,-221.48,90.0,top,C49,,C_0402_1005Metric,100nF,smt,True
66.0,-221.48,90.0,top,C50,,C_0402_1005Metric,100nF,smt,True
86.0,-221.48,90.0,top,C51,,C_0402_1005Metric,100nF,smt,True
106.0,-221.48,90.0,top,C52,,C_0402_1005Metric,100nF,smt,True
124.0,-241.77,-90.0,top,C53,,C_0402_1005Metric,100nF,smt,True
104.0,-241.77,-90.0,top,C54,,C_0402_1005Metric,100nF,smt,True
84.0,-241.77,-90.0,top,C55,,C_0402_1005Metric,100nF,smt,True
64.0,-241.77,-90.0,top,C56,,C_0402_1005Metric,100nF,smt,True
44.0,-241.77,-90.0,top,C57,,C_0402_1005Metric,100nF,smt,True
48.25,-32.28,90.0,top,C58,,C_0402_1005Metric,1uF,smt,True
48.5,-30.25,0.0,top,C59,,C_0402_1005Metric,1uF,smt,True
43.5,-56.27,90.0,top,C60,,C_0402_1005Metric,10nF,smt,True
26.5,-56.27,90.0,top,C61,,C_0402_1005Metric,10nF,smt,True
63.5,-56.27,90.0,top,C62,,C_0402_1005Metric,10nF,smt,True
46.5,-56.27,90.0,top,C63,,C_0402_1005Metric,10nF,smt,True
83.5,-56.27,90.0,top,C64,,C_0402_1005Metric,10nF,smt,True
66.5,-56.27,90.0,top,C65,,C_0402_1005Metric,10nF,smt,True
86.5,-56.27,90.0,top,C66,,C_0402_1005Metric,10nF,smt,True
103.5,-56.27,90.0,top,C67,,C_0402_1005Metric,10nF,smt,True
123.5,-56.27,90.0,top,C68,,C_0402_1005Metric,10nF,smt,True
106.5,-56.27,90.0,top,C69,,C_0402_1005Metric,10nF,smt,True
49.05489,-35.556,-90.0,top,C70,,C_0402_1005Metric,0.1uF,smt,True
46.222,-37.592,0.0,top,C71,,C_0402_1005Metric,0.1uF,smt,True
78.73,-34.15959,0.0,top,C72,,C_0402_1005Metric,0.1uF,smt,True
70.046942,-35.11322,-90.0,top,C9,,C_0402_1005Metric,100nF,smt,True
26.0,-41.2,-90.0,top,D1,,D_SOD-323,1N4148WS,smt,True
46.0,-233.25,-90.0,top,D10,,D_SOD-323,1N4148WS,smt,True
66.0,-41.2,-90.0,top,D11,,D_SOD-323,1N4148WS,smt,True
66.0,-71.25,-90.0,top,D12,,D_SOD-323,1N4148WS,smt,True
66.0,-95.25,-90.0,top,D13,,D_SOD-323,1N4148WS,smt,True
66.0,-209.25,-90.0,top,D14,,D_SOD-323,1N4148WS,smt,True
66.0,-233.25,-90.0,top,D15,,D_SOD-323,1N4148WS,smt,True
86.0,-41.2,-90.0,top,D17,,D_SOD-323,1N4148WS,smt,True
86.0,-71.25,-90.0,top,D18,,D_SOD-323,1N4148WS,smt,True
86.0,-95.25,-90.0,top,D19,,D_SOD-323,1N4148WS,smt,True
26.0,-71.25,-90.0,top,D2,,D_SOD-323,1N4148WS,smt,True
86.0,-209.25,-90.0,top,D20,,D_SOD-323,1N4148WS,smt,True
86.0,-233.25,-90.0,top,D21,,D_SOD-323,1N4148WS,smt,True
106.0,-41.2,-90.0,top,D22,,D_SOD-323,1N4148WS,smt,True
106.0,-71.25,-90.0,top,D23,,D_SOD-323,1N4148WS,smt,True
106.0,-95.25,-90.0,top,D24,,D_SOD-323,1N4148WS,smt,True
106.0,-209.25,-90.0,top,D25,,D_SOD-323,1N4148WS,smt,True
106.0,-233.25,-90.0,top,D26,,D_SOD-323,1N4148WS,smt,True
35.0,-59.5,-90.0,top,D27,,LED_SK6805_EC15_1.5x1.5mm,SK6805-EC15,smt,True
55.0,-59.5,-90.0,top,D28,,LED_SK6805_EC15_1.5x1.5mm,SK6805-EC15,smt,True
75.0,-59.5,-90.0,top,D29,,LED_SK6805_EC15_1.5x1.5mm,SK6805-EC15,smt,True
26.0,-95.25,-90.0,top,D3,,D_SOD-323,1N4148WS,smt,True
95.0,-59.5,-90.0,top,D30,,LED_SK6805_EC15_1.5x1.5mm,SK6805-EC15,smt,True
115.0,-59.5,-90.0,top,D31,,LED_SK6805_EC15_1.5x1.5mm,SK6805-EC15,smt,True
115.0,-81.5,90.0,top,D32,,LED_SK6805_EC15_1.5x1.5mm,SK6805-EC15,smt,True
95.0,-81.5,90.0,top,D33,,LED_SK6805_EC15_1.5x1.5mm,SK6805-EC15,smt,True
75.0,-81.5,90.0,top,D34,,LED_SK6805_EC15_1.5x1.5mm,SK6805-EC15,smt,True
55.0,-81.5,90.0,top,D35,,LED_SK6805_EC15_1.5x1.5mm,SK6805-EC15,smt,True
35.0,-81.5,90.0,top,D36,,LED_SK6805_EC15_1.5x1.5mm,SK6805-EC15,smt,True
35.0,-105.5,-90.0,top,D37,,LED_SK6805_EC15_1.5x1.5mm,SK6805-EC15,smt,True
55.0,-105.5,-90.0,top,D38,,LED_SK6805_EC15_1.5x1.5mm,SK6805-EC15,smt,True
75.0,-105.5,-90.0,top,D39,,LED_SK6805_EC15_1.5x1.5mm,SK6805-EC15,smt,True
26.0,-209.25,-90.0,top,D4,,D_SOD-323,1N4148WS,smt,True
95.0,-105.5,-90.0,top,D40,,LED_SK6805_EC15_1.5x1.5mm,SK6805-EC15,smt,True
115.0,-105.5,-90.0,top,D41,,LED_SK6805_EC15_1.5x1.5mm,SK6805-EC15,smt,True
115.0,-200.25,90.0,top,D42,,LED_SK6805_EC15_1.5x1.5mm,SK6805-EC15,smt,True
95.0,-200.25,90.0,top,D43,,LED_SK6805_EC15_1.5x1.5mm,SK6805-EC15,smt,True
75.0,-200.25,90.0,top,D44,,LED_SK6805_EC15_1.5x1.5mm,SK6805-EC15,smt,True
55.0,-200.25,90.0,top,D45,,LED_SK6805_EC15_1.5x1.5mm,SK6805-EC15,smt,True
35.0,-200.25,90.0,top,D46,,LED_SK6805_EC15_1.5x1.5mm,SK6805-EC15,smt,True
35.0,-219.5,-90.0,top,D47,,LED_SK6805_EC15_1.5x1.5mm,SK6805-EC15,smt,True
55.0,-219.5,-90.0,top,D48,,LED_SK6805_EC15_1.5x1.5mm,SK6805-EC15,smt,True
75.0,-219.5,-90.0,top,D49,,LED_SK6805_EC15_1.5x1.5mm,SK6805-EC15,smt,True
26.0,-233.25,-90.0,top,D5,,D_SOD-323,1N4148WS,smt,True
95.0,-219.5,-90.0,top,D50,,LED_SK6805_EC15_1.5x1.5mm,SK6805-EC15,smt,True
115.0,-219.5,-90.0,top,D51,,LED_SK6805_EC15_1.5x1.5mm,SK6805-EC15,smt,True
115.0,-243.5,90.0,top,D52,,LED_SK6805_EC15_1.5x1.5mm,SK6805-EC15,smt,True
95.0,-243.5,90.0,top,D53,,LED_SK6805_EC15_1.5x1.5mm,SK6805-EC15,smt,True
75.0,-243.5,90.0,top,D54,,LED_SK6805_EC15_1.5x1.5mm,SK6805-EC15,smt,True
55.0,-243.5,90.0,top,D55,,LED_SK6805_EC15_1.5x1.5mm,SK6805-EC15,smt,True
35.0,-243.5,90.0,top,D56,,LED_SK6805_EC15_1.5x1.5mm,SK6805-EC15,smt,True
46.0,-41.2,-90.0,top,D6,,D_SOD-323,1N4148WS,smt,True
46.0,-71.25,-90.0,top,D7,,D_SOD-323,1N4148WS,smt,True
46.0,-95.25,-90.0,top,D8,,D_SOD-323,1N4148WS,smt,True
46.0,-209.25,-90.0,top,D9,,D_SOD-323,1N4148WS,smt,True
59.0,-15.25,180.0,top,J1,,USB_C_Receptacle_GCT_USB4105-xx-A_16P_TopMnt_Horizontal,USB_C_Receptacle_USB2.0,smt,True
53.0,-31.75,-90.0,top,LD1,,LED_1206_3216Metric,LED_Small,smt,True
53.0,-23.0,90.0,top,LD2,,LED_1206_3216Metric,LED_Small,smt,True
81.0,-26.0,0.0,top,PA3,,TestPoint_Pad_D1.0mm,TestPoint_Small,tht,False
80.158972,-18.462398,0.0,top,PB0,,TestPoint_Pad_D1.0mm,TestPoint_Small,tht,False
78.31385,-17.419026,0.0,top,PB1,,TestPoint_Pad_D1.0mm,TestPoint_Small,tht,False
70.612,-18.034,0.0,top,PB10,,TestPoint_Pad_D1.0mm,TestPoint_Small,tht,False
82.913568,-27.02469,0.0,top,PB2,,TestPoint_Pad_D1.0mm,TestPoint_Small,tht,False
57.25,-32.75,0.0,top,PC10,,TestPoint_Pad_D1.0mm,TestPoint_Small,tht,False
58.815897,-33.988458,0.0,top,PC11,,TestPoint_Pad_D1.0mm,TestPoint_Small,tht,False
61.0,-34.25,0.0,top,PC12,,TestPoint_Pad_D1.0mm,TestPoint_Small,tht,False
69.802867,-37.554355,0.0,top,PC13,,TestPoint_Pad_D1.0mm,TestPoint_Small,tht,False
71.802867,-38.054355,0.0,top,PC14,,TestPoint_Pad_D1.0mm,TestPoint_Small,tht,False
73.802867,-37.554355,0.0,top,PC15,,TestPoint_Pad_D1.0mm,TestPoint_Small,tht,False
80.5,-20.5,0.0,top,PC5,,TestPoint_Pad_D1.0mm,TestPoint_Small,tht,False
63.0,-34.0,0.0,top,PD2,,TestPoint_Pad_D1.0mm,TestPoint_Small,tht,False
75.5,-36.5,0.0,top,PF0,,TestPoint_Pad_D1.0mm,TestPoint_Small,tht,False
75.75,-34.5,0.0,top,PF1,,TestPoint_Pad_D1.0mm,TestPoint_Small,tht,False
57.25,-24.325,-90.0,top,R1,,R_0603_1608Metric,5.1k,smt,True
55.5,-24.325,-90.0,top,R2,,R_0603_1608Metric,5.1k,smt,True
52.7,-14.8,90.0,top,R3,,R_0603_1608Metric,1M,smt,True
50.546,-35.877,90.0,top,R4,,R_0603_1608Metric,10k,smt,True
66.561257,-35.75,180.0,top,R5,,R_0603_1608Metric,10k,smt,True
56.25,-27.0,0.0,top,R6,,R_0603_1608Metric,1.2k,smt,True
56.25,-28.75,0.0,top,R7,,R_0603_1608Metric,300,smt,True
37.325,-38.5,180.0,top,R8,,R_0603_1608Metric,510,smt,True
26.0,-244.75,-90.0,top,R9,,R_0603_1608Metric,510,smt,True
35.0,-157.5,-90.0,top,RV1,,B103-75mm-Mixer-Fader-B10K,R_Potentiometer,tht,False
55.0,-157.5,-90.0,top,RV2,,B103-75mm-Mixer-Fader-B10K,R_Potentiometer,tht,False
75.0,-157.5,-90.0,top,RV3,,B103-75mm-Mixer-Fader-B10K,R_Potentiometer,tht,False
95.0,-157.5,-90.0,top,RV4,,B103-75mm-Mixer-Fader-B10K,R_Potentiometer,tht,False
115.0,-157.5,-90.0,top,RV5,,B103-75mm-Mixer-Fader-B10K,R_Potentiometer,tht,False
32.5,-56.75,90.0,top,SW1,,RotaryEncoder_Alps_EC12E-Switch_Vertical_H20mm_CircularMountingHoles,Encoder_Switch,tht,False
55.0,-243.5,0.0,top,SW10,,SW_OUTEMU_1.00u_PCB_LED,SW_Push,tht,False
72.5,-56.75,90.0,top,SW11,,RotaryEncoder_Alps_EC12E-Switch_Vertical_H20mm_CircularMountingHoles,Encoder_Switch,tht,False
75.0,-81.5,0.0,top,SW12,,SW_OUTEMU_1.00u_PCB_LED,SW_Push,tht,False
75.0,-105.5,0.0,top,SW13,,SW_OUTEMU_1.00u_PCB_LED,SW_Push,tht,False
75.0,-219.5,0.0,top,SW14,,SW_OUTEMU_1.00u_PCB_LED,SW_Push,tht,False
75.0,-243.5,0.0,top,SW15,,SW_OUTEMU_1.00u_PCB_LED,SW_Push,tht,False
92.5,-56.75,90.0,top,SW16,,RotaryEncoder_Alps_EC12E-Switch_Vertical_H20mm_CircularMountingHoles,Encoder_Switch,tht,False
95.0,-81.5,0.0,top,SW17,,SW_OUTEMU_1.00u_PCB_LED,SW_Push,tht,False
95.0,-105.5,0.0,top,SW18,,SW_OUTEMU_1.00u_PCB_LED,SW_Push,tht,False
95.0,-219.5,0.0,top,SW19,,SW_OUTEMU_1.00u_PCB_LED,SW_Push,tht,False
35.0,-81.5,0.0,top,SW2,,SW_OUTEMU_1.00u_PCB_LED,SW_Push,tht,False
95.0,-243.5,0.0,top,SW20,,SW_OUTEMU_1.00u_PCB_LED,SW_Push,tht,False
112.5,-56.75,90.0,top,SW21,,RotaryEncoder_Alps_EC12E-Switch_Vertical_H20mm_CircularMountingHoles,Encoder_Switch,tht,False
115.0,-81.5,0.0,top,SW22,,SW_OUTEMU_1.00u_PCB_LED,SW_Push,tht,False
115.0,-105.5,0.0,top,SW23,,SW_OUTEMU_1.00u_PCB_LED,SW_Push,tht,False
115.0,-219.5,0.0,top,SW24,,SW_OUTEMU_1.00u_PCB_LED,SW_Push,tht,False
115.0,-243.5,0.0,top,SW25,,SW_OUTEMU_1.00u_PCB_LED,SW_Push,tht,False
35.0,-105.5,0.0,top,SW3,,SW_OUTEMU_1.00u_PCB_LED,SW_Push,tht,False
35.0,-219.5,0.0,top,SW4,,SW_OUTEMU_1.00u_PCB_LED,SW_Push,tht,False
35.0,-243.5,0.0,top,SW5,,SW_OUTEMU_1.00u_PCB_LED,SW_Push,tht,False
52.5,-56.75,90.0,top,SW6,,RotaryEncoder_Alps_EC12E-Switch_Vertical_H20mm_CircularMountingHoles,Encoder_Switch,tht,False
55.0,-81.5,0.0,top,SW7,,SW_OUTEMU_1.00u_PCB_LED,SW_Push,tht,False
55.0,-105.5,0.0,top,SW8,,SW_OUTEMU_1.00u_PCB_LED,SW_Push,tht,False
55.0,-219.5,0.0,top,SW9,,SW_OUTEMU_1.00u_PCB_LED,SW_Push,tht,False
30.499,-23.324,-90.0,top,TP1,,TestPoint_THTPad_D2.0mm_Drill1.0mm,TestPoint_Small,tht,False
38.119,-20.784,-90.0,top,TP10,,TestPoint_THTPad_D2.0mm_Drill1.0mm,TestPoint_Small,tht,False
25.419,-20.784,-90.0,top,TP11,,TestPoint_THTPad_D2.0mm_Drill1.0mm,TestPoint_Small,tht,False
35.0,-249.0,180.0,top,TP12,,TestPoint_Pad_D1.0mm,TestPoint_Small,tht,False
55.0,-249.0,180.0,top,TP13,,TestPoint_Pad_D1.0mm,TestPoint_Small,tht,False
75.0,-249.0,180.0,top,TP14,,TestPoint_Pad_D1.0mm,TestPoint_Small,tht,False
95.0,-249.0,180.0,top,TP15,,TestPoint_Pad_D1.0mm,TestPoint_Small,tht,False
125.5,-233.25,-90.0,top,TP16,,TestPoint_Pad_D1.0mm,TestPoint_Small,tht,False
125.45,-209.25,-90.0,top,TP17,,TestPoint_Pad_D1.0mm,TestPoint_Small,tht,False
125.5,-95.25,-90.0,top,TP18,,TestPoint_Pad_D1.0mm,TestPoint_Small,tht,False
125.5,-71.25,-90.0,top,TP19,,TestPoint_Pad_D1.0mm,TestPoint_Small,tht,False
27.959,-23.324,-90.0,top,TP2,,TestPoint_THTPad_D2.0mm_Drill1.0mm,TestPoint_Small,tht,False
125.5,-42.25,-90.0,top,TP20,,TestPoint_Pad_D1.0mm,TestPoint_Small,tht,True
115.0,-249.0,180.0,top,TP21,,TestPoint_Pad_D1.0mm,TestPoint_Small,tht,False
51.642443,-19.490342,0.0,top,TP29,,TestPoint_Pad_D1.0mm,TestPoint_Small,tht,False
33.039,-20.784,-90.0,top,TP3,,TestPoint_THTPad_D2.0mm_Drill1.0mm,TestPoint_Small,tht,False
30.499,-20.784,-90.0,top,TP4,,TestPoint_THTPad_D2.0mm_Drill1.0mm,TestPoint_Small,tht,False
33.039,-23.324,-90.0,top,TP5,,TestPoint_THTPad_D2.0mm_Drill1.0mm,TestPoint_Small,tht,False
27.959,-20.784,-90.0,top,TP6,,TestPoint_THTPad_D2.0mm_Drill1.0mm,TestPoint_Small,tht,False
35.579,-23.324,-90.0,top,TP7,,TestPoint_THTPad_D2.0mm_Drill1.0mm,TestPoint_Small,tht,False
38.119,-23.324,-90.0,top,TP8,,TestPoint_THTPad_D2.0mm_Drill1.0mm,TestPoint_Small,tht,False
35.579,-20.784,-90.0,top,TP9,,TestPoint_THTPad_D2.0mm_Drill1.0mm,TestPoint_Small,tht,False
53.25,-38.5,0.0,top,TPNZ1,,TestPoint_Pad_D1.0mm,TestPoint_Small,tht,False
43.949968,-38.505029,0.0,top,TPNZ2,,TestPoint_Pad_D1.0mm,TestPoint_Small,tht,False
61.0,-22.25,180.0,top,U1,,SOT-23-6,USBLC6-2SC6,smt,True
70.456839,-26.5,135.0,top,U2,,LQFP-64_10x10mm_P0.5mm,STM32G473RCTx,smt,True
45.3,-21.65,0.0,top,U3,,SOT-23-5,AP2161WG-7,smt,True
45.328962,-31.806048,-90.0,top,U4,,SOT-23-5,MIC5504-3.3YM5,smt,True
45.492,-35.556,180.0,top,U5,,VSSOP-8_2.3x2mm_P0.5mm,TXS0102DCU,smt,True
